ProductHunt,producthunt.com
Indie Hackers,indiehackers.com
Hacker News,news.ycombinator.com
Startup Base,startupbase.io/
Growth Hackers,growthhackers.com
BetaList,betalist.com
Designer News,designernews.co
Beta Page,betapage.co
Joinly,www.joinly.xyz
Bunity,www.bunity.com/
SaaS Tools,saasaitools.com/
r/SideProject,reddit.com/r/SideProject
r/Startups,reddit.com/r/Startups
r/Design_Critiques,reddit.com/r/Design_Critiques
r/Entrepreneur,reddit.com/r/Entrepreneur
r/Alphaandbetausers,reddit.com/r/Alphaandbetausers
r/IMadethis,reddit.com/r/IMadethis
r/Indiebiz,reddit.com/r/Indiebiz
r/Smallbusiness,reddit.com/r/Smallbusiness
r/Ladybusiness,reddit.com/r/Ladybusiness
r/Growmybusiness,reddit.com/r/Growmybusiness
r/Roastmystartup,reddit.com/r/Roastmystartup
Geekwire,Geekwire.com
Springwise,springwise.com
Alternative To,alternativeto.net/
Inc42,inc42.com
Stackshare,stackshare.io
F6S,F6S.com
Killerstartups,killerstartups.com
Launched,launched.io
Robin Good's T5,http://tools.robingood.com/
Startup Buffer,startupbuffer.com
Startup Inspire,Startupinspire.com
Startup Tracker,Startuptracker.io
Nextbigwhat,nextbigwhat.com
Side Projectors,sideprojectors.com
Launching next,www.launchingnext.com/
Digg,digg.com
10 Word,10swords.io
Saas Hub,Saashub.com
Capterra,Capterra.com
Sidebar.io,Sidebar.io
CrozDesk,Crozdesk.com
Web Design Inspiration,webdesign-inspiration.com
10 words,app.10words.io
Alltopstartups.com,alltopstartups.com
Beta bound,betabound.com
Feedmystartup,feedmystartup.com
G2crowd.com,g2.com
Getworm.com,getworm.com
Getapp,www.gartner.com/en/digital-markets
Stackshare,stackshare.io/create-stack/new-company
Spectacle,spectacle.is/submit
Startup Tracker,startuptracker.io/crowdsourcing/
Startup88,startup88.typeform.com/to/CRjWqM
Startup Base,startupbase.io/submit
startup lister,startuplister.com/
The startup inc,www.thestartupinc.com/
Toolsalad,toolsalad.com/submit/
Uplabs,www.uplabs.com/submit
Webwiki,www.webwiki.com/info/add-website.html
Webapprater,webapprater.com
techboard,techboard.com.au
Starter story,starterstory.com
Site Jabber,sitejabber.com
Growth Junkie,growthjunkie.com
Cuspera,cuspera.com
E27,e27.co
land-book,land-book.com
Promote Project,promoteproject.com
profit hunt,rofithunt.co
Cool mom picks,coolmompicks.com
beta candy,betacandy.com
EU startups,eu-startups.com
Startups UK,startups.co.uk
My Startup Tool,mystartuptool.com
Startup Stash,startupstash.com
The Startup Pitch,thestartuppitch.com
Tech Pluto,techpluto.com
Landing Folio,www.landingfolio.com
Saas Place3,saasplace.io
NoCodeList,nocodelist.co/submit
NoCodeFounders,nocodefounders.com/
NoCodeDevs,www.nocodedevs.com/
ActiveSearch,www.activesearchresults.com/
AppRater,apprater.net/
Appsthunder,appsthunder.com
AwesomeIndie,ttps://awesomeindie.com/
SaaSworthy,www.saasworthy.com/
Crunchbase,www.crunchbase.com/
Micro Launch,microlaunch.net/
Digital Marketing Hints,ads.digitalmarketinghints.com/
Find Gift,www.findgift.com/
Site Jabber,www.sitejabber.com/
Crowd Reviews,http://crowdreviews.com/
Media Index Kochava,media-index.kochava.com/
Slant,www.slant.co/
InstaPaper,www.instapaper.com
Slide Share,www.slideshare.net/
Aapsense,www.apsense.com/
Google Business Profile,business.google.com/
Twitter,twitter.com/
LinkedIn,linkedin.com/
Facebook0,www.facebook.com/
Instagram,www.instagram.com/
Pinterest,pinterest.com
There's An AI For That,theresanaiforthat.com/
Libhunt,www.libhunt.com/
Cabinet M,cabinetm.com
Clutch,clutch.co/
Finances Online,financesonline.com/
Alternative Me,alternative.me/
Source Forge,sourceforge.net/
Software Suggest,www.softwaresuggest.com/
Get App,www.getapp.com/
Software World,www.softwareworld.co/
Cloud Findr,www.cloudfindr.co/
Software Review,provider.softwarereviews.com/
Ctrl Alt,ctrlalt.cc/
Future Tools,www.futuretools.io/
Nextpedia,nextpedia.io
Vic Trays,victrays.com/
GPT Forge,ttps://gptforge.net/
Phygital,library.phygital.plus
AI Toolkit,www.aitoolkit.org/
AIutor,www.aiutor.com/panel/
AIxploria,www.aixploria.com/en/add-ai/
Live Apps5,liveapps.ai/
Web of AI,webofai.com/submit-a-tool/
Waild World,ttps://waildworld.com/
Top Apps,topapps.ai/submit
Free AI Tools Directory5,free-ai-tools-directory.com/submit-request/
The Warehouse,ttps://www.thewarehouse.ai/
Tricky Enough,www.trickyenough.com/
AI Registers7,airegisters.com
AI Mojo,aimojo.pro/
Powered by AI,poweredbyai.app/
Micro Launch,microlaunch.net/
Fazier.com,fazier.com/
tech EU,tech.eu
American Startups,americanstartups.com
Business Insider,businessinsider.com
The Verge,theverge.com
The Next Web,Thenextweb.com
Buzzfeed News,buzzfeed.com/news
LifeHacker,lifehacker.com
Read Write,readwrite.com
Digital Trends,digitaltrends.com
Silicon Angle,siliconangle.com
PCMag,pcmag.com
Zdnet,zdnet.com
Engadget,engadget.com
Startup Valley,startupvalley.news
Tech Pluto,techpluto.com
Makeuseof,makeuseof.com
Netted,netted.net
Cnet,cnet.com
ArsTechnica,arstechnica.com
Addictive Tips,addictivetips.com
Web App Rater,webapprater.com
Arctic Startup,arcticstartup.com
Tech Crunch,techcrunch.com
Boing Boing,boingboing.net
Venture Beat,venturebeat.com
Paggu,paggu.com
Apps 400,apps400.com
AppsListo,appslisto.com
Apps Mirror,appsmirror.com
Apps Thunder,appsthunder.com
Beta Kit,betakit.com
Makermove,akermove.com
Feedough,www.feedough.com/submit-your-startup/
Buy me a coffee,Buymeacoffee.com
